Scene_Index,STOI_Value
0,0.24263058769752155
1,0.4471218148848292
2,0.3766845406115216
3,0.4031691904049321
4,0.4443936811848683
5,0.42014094199500746
6,0.36643689807243685
7,0.36549792190365155
8,0.3716457652703498
9,0.3567540551998516
10,0.37886372558171333
11,0.366308506976508
12,0.30045153186738915
13,0.39899697775775694
14,0.31566410999879313
15,0.21023481258709442
16,0.40006594794025496
17,0.34363103207238643
18,0.2908238768010885
19,0.28960034285054875
20,0.35208802433086295
21,0.38387056371573813
22,0.3770290685060806
23,0.35569657996901954
24,0.3155686934287036
25,0.502340431884817
26,0.36321140887628073
27,0.38022742167991913
28,0.37361117895175056
29,0.37338549033776464
30,0.2222733416151576
31,0.33868118462594
32,0.33039996083347695
33,0.43583534204435825
34,0.4083754857089358
35,0.4359468288176085
36,0.42828336380177867
37,0.35933265812676446
38,0.33913045434006556
39,0.36165270800936594
40,0.3625248993466091
41,0.3265245839140697
42,0.41190198751630247
43,0.2686902362554917
44,0.4224043912324242
45,0.37204018500504205
46,0.29881402193934337
47,0.3567765381861772
48,0.3529312785608802
49,0.2646819395569607
50,0.4006940870262693
51,0.42444863406032984
52,0.4487989684440777
53,0.4032354268044877
54,0.511120989873149
55,0.3608348533462833
56,0.29555920455571033
57,0.29556916563473173
58,0.4062141488507678
59,0.31312708349627977
60,0.398332353548199
61,0.2658658513662575
62,0.42426047957449287
63,0.35344189269910536
64,0.39460027386798996
65,0.36476420938647264
66,0.3174395313712667
67,0.3186675269316236
68,0.4331178244646889
69,0.40587268862641906
70,0.44091884027870326
71,0.3510453767601929
72,0.4088644283687012
73,0.4317008648051928
74,0.2905860824512691
75,0.36725062517402274
76,0.3643718690371069
77,0.27492023769060797
78,0.32453619583099064
79,0.3475226947547438
80,0.5116838883854686
81,0.3388122541472437
82,0.39991573476620584
83,0.39572071541340803
84,0.2780995669729589
85,0.25309563653371514
86,0.3397094578652107
87,0.36876308095254556
88,0.3527464348139895
89,0.36823266938408566
90,0.30713055068891476
91,0.35875251256824353
92,0.3236586380446981
93,0.37273907731843525
94,0.4148731946806012
95,0.41160304598635883
96,0.38081990551209394
97,0.3456739350009325
98,0.3677661099364115
99,0.33780356142371354
100,0.33064422050815634
101,0.3626814115404312
102,0.4288780737047253
103,0.3699069513461768
104,0.41840429299663073
105,0.3739906555197352
106,0.28131957789633477
107,0.3710255209674531
108,0.5379416273822821
109,0.3351434468342174
110,0.31015896521510844
111,0.25692744369950166
112,0.3219247176906112
113,0.3732484506754516
114,0.38359132389940903
115,0.4973947774386634
116,0.3346425133228219
117,0.2784433879541358
118,0.3700350409766573
119,0.3546668844449334
120,0.34921739654613493
121,0.25059681773616516
122,0.275350016738471
123,0.30069958640620553
124,0.3703478356298444
125,0.324631540592397
126,0.418747248485437
127,0.3926600600760184
128,0.374147441874099
129,0.38108138397373015
130,0.3940214317105439
131,0.3094308653890661
132,0.26072152886695865
133,0.44669051774350277
134,0.3967848734644743
135,0.4062173842150637
136,0.3018143512821159
137,0.2992455027032986
138,0.292425059431394
139,0.3814888764417008
140,0.2755251239955516
141,0.38442960049348934
142,0.22493801183091808
143,0.24274641514755263
144,0.3432773667777353
145,0.4043046779298479
146,0.4204578430516839
147,0.4274215978456648
148,0.2343631650187882
149,0.3454293939182358
150,0.3229138910436071
151,0.4087126421146243
152,0.329004238041898
153,0.3403434832834239
154,0.3318419839814929
155,0.3775275801207483
156,0.3826493980638878
157,0.3150312658477392
158,0.2580360519734366
159,0.35104343607528105
160,0.3570826224494124
161,0.25991401254281593
162,0.2638668831608969
163,0.36896558519990824
164,0.35906443971405194
165,0.3548981236644889
166,0.3187145674553911
167,0.3275647626999123
168,0.39622618686664124
169,0.2112656878101849
170,0.3366037914356779
171,0.39038974791072745
172,0.3444332221642928
173,0.3908995055441287
174,0.3475871801988522
175,0.45208593929553526
176,0.3221686764675432
177,0.33812742923601014
178,0.3039153408851892
179,0.3708886217910516
180,0.31545782756860563
181,0.37184586876127107
182,0.2547971959429318
183,0.24840659394405298
184,0.3041964381099186
185,0.3052808329691104
186,0.4400561357899942
187,0.43387419085068435
188,0.34627490192694066
189,0.36903541162713355
190,0.3755622597826079
191,0.41633499316927364
192,0.66155378253953
193,0.6541862124602255
194,0.6562729092954327
195,0.6375368883543869
196,0.4050695413583209
197,0.7366953115143804
198,0.6630295081966305
199,0.7608148390029914
200,0.5060925534341915
201,0.3735372969127049
202,0.2670507470771712
203,0.5493347749290105
204,0.5625359131794521
205,0.6879958845108558
206,0.6742164320511893
207,0.49596015324089265
208,0.5927102522090734
209,0.34346675370530144
210,0.6688646457506737
211,0.14163858306411412
212,0.4091031670620019
213,0.6792048704105598
214,0.6881960203275973
215,0.7923305260380058
216,0.4103345376928577
217,0.569767517365322
218,0.4775575471298918
219,0.46416683292023225
220,0.4152082468340235
221,0.44592810977154373
222,0.6251884992144072
223,0.5095337376107894
224,0.5715251780630415
225,0.1959998866882963
226,0.6361086233128507
227,0.3921114052568273
228,0.8014329311402074
229,0.7627593947792205
230,0.7190126182612109
231,0.46571591657127176
232,0.37926181448739094
233,0.29369408406150055
234,0.4795197339825616
235,0.687384934062148
236,0.6686850737564779
237,0.7646219583203097
238,0.6073163396521516
239,0.5219336128136046
240,0.41679600137938533
241,0.6987377063883093
242,0.6264147738978108
243,0.7244246401661263
244,0.3522155912529843
245,0.22379414505907702
246,0.2947635753052051
247,0.5658421878555573
248,0.8198706462122441
249,0.8221988591917878
250,0.3523146277140923
251,0.7389196620473515
252,0.4099558413257982
253,0.7522231925051953
254,0.4036836587928022
255,0.4638473150248683
256,0.7909791496499694
257,0.6731551423331431
258,0.6489885724347593
259,0.4620555719570779
260,0.3454877271438043
261,0.0698264494467583
262,0.6853863318399599
263,0.4730033167839696
264,0.31317577397488255
265,0.3352400215579042
266,0.6751270931833655
267,0.783385757191403
268,0.39544412127709194
269,0.7859915135593575
270,0.692376580439253
271,0.38066906288405317
272,0.358361559123447
273,0.4065477122080952
274,0.3820823424413599
275,0.2332977593644118
276,0.3139630611334064
277,0.7988046563984749
278,0.8307780989423427
279,0.26669838421160225
280,0.4007920976592886
281,0.7709851787948496
282,0.6147153744758203
283,0.08515488608792793
284,0.3788258426147358
285,0.3608267455171315
286,0.3702823933387891
287,0.561281160168929
288,0.6948478409818019
289,0.3904205674043629
290,0.2821733586823278
291,0.6194622702203512
292,0.6317843539346034
293,0.3202491612501236
294,0.722252815221829
295,0.6845325402368855
296,0.3082347904617699
297,0.317368846068673
298,0.6905028683660799
299,0.4968109882078403
300,0.4768406094610497
301,0.33435977318144655
302,0.6946498329626996
303,0.7078532197269338
304,0.7409762032289603
305,0.5286100582370683
306,0.7485065614199126
307,0.5326095402425125
308,0.23952636948259512
309,0.5755658939384241
310,0.6195172411559615
311,0.5323422492170653
312,0.7031175384347202
313,0.7004627498105737
314,0.7700609903333575
315,0.2110435608270401
316,0.40850752885910463
317,0.7404780338453619
318,0.6553342577454865
319,0.6581674163090839
320,0.15567851257012227
321,0.7277728893595143
322,0.569922543592629
323,0.6835583274740119
324,0.6843763460790021
325,0.3122044284989266
326,0.7767339893676736
327,0.3897878366093136
328,0.47846861939120916
329,0.657808142893336
330,0.38431372122588225
331,0.36259724417113975
332,0.3543560485311855
333,0.46117650722710773
334,0.43252166889278304
335,0.7086824719221102
336,0.7163021980051537
337,0.7041029804872279
338,0.535474287146145
339,0.7083439455391712
340,0.6366904683481979
341,0.1591840803651452
342,0.2082145424000993
343,0.6662421649880951
344,0.04337978585082667
345,0.17718263111135946
346,0.46131636934745557
347,0.2318461889957227
348,0.5599551452092558
349,0.3022646579753037
350,0.5690653647570891
351,0.10611512349788077
352,0.7642873257034144
353,0.15464955001060007
354,0.5275848387905537
355,0.3298166636648485
356,0.5942653651467035
357,0.5893657812646311
358,0.23452452624771875
359,0.3684441148210664
360,0.678687902586842
361,0.6307271744279389
362,0.18460379145823821
363,0.6557033164726732
364,0.31079164423729877
365,0.674830398098584
366,0.22350986813510879
367,0.5910915036121668
368,0.07105472635374631
369,0.07888670982174792
370,0.6554434107479015
371,0.13948434267745588
372,0.7457334808221409
373,0.23239147903832008
374,0.23627870881124885
375,0.6857336324585636
376,0.38073888825851243
377,0.09156191031170029
378,0.5710283946609375
379,0.5866489157269008
380,0.27923570343798154
381,0.6840903760851088
382,0.549201140188889
383,0.6601983823395946
384,0.18593667839289288
385,0.5744076578329221
386,0.6676523257206317
387,0.6822047651482557
388,0.6959079362977832
389,0.6722426419685757
390,0.44514737207271743
391,0.7502414074298142
392,0.17885021845770602
393,0.7382086594206373
394,0.5955303545127706
395,0.2973322953183901
396,0.7011129138910674
397,0.5023706094504531
398,0.5217713878272138
399,0.4283938633556439
400,0.19323563996928356
401,0.7043705464217236
402,0.7869325806992473
403,0.2531670516949591
404,0.3524598480879771
405,0.4261606953725289
406,0.41643934805693755
407,0.3723534533121718
408,0.38557443846607053
409,0.4003723967007044
410,0.38679027771296026
411,0.478389351148217
412,0.4018792647918957
413,0.3971504098980865
414,0.47411127395220104
415,0.3837452972727629
416,0.39046933516619714
417,0.38774612114186024
418,0.3149535979725304
419,0.35646018237366134
420,0.4539480356531742
421,0.3873238076250359
422,0.3575179123505945
423,0.2915509998737292
424,0.3231997590451727
425,0.31745673230641297
426,0.4634135881281728
427,0.41811522039341625
428,0.4767780179505193
429,0.3687776181668733
430,0.3921206018580842
431,0.38701353079403705
432,0.31194294181596044
433,0.3595278226474995
434,0.3817426476770039
435,0.39675000825070705
436,0.4130799290166349
437,0.4012801600034139
438,0.40315234963442603
439,0.36378335149357577
440,0.35922614848568835
441,0.34967845304024603
442,0.35204883788996383
443,0.3754904998047263
444,0.4529091785598713
445,0.4163707833726888
446,0.29316337376981444
447,0.2767549703434549
448,0.4348339923601117
449,0.4338326615827636
450,0.37913310839855685
451,0.4121568580696016
452,0.30958313622091926
453,0.3858483112778183
454,0.4616765289156667
455,0.4636988127832896
456,0.515296859706596
457,0.5175401591355476
458,0.40418942339837705
459,0.3247475882802353
460,0.4134447156535164
461,0.2598758966380693
462,0.3746197146262854
463,0.3029181967021876
464,0.38877606419329636
465,0.3081794607496636
466,0.40912440769609987
467,0.3621374286368847
468,0.3642292731530839
469,0.32478036378725844
470,0.32261013005062844
471,0.3982445243380852
472,0.4312086806899921
473,0.4389442903279242
474,0.44858781949852905
475,0.38865369065847605
476,0.39050889179317977
477,0.3834390061630621
478,0.42867175496876264
479,0.26509398190031247
480,0.34569673072717483
481,0.35028606100327364
482,0.2825245704911851
483,0.34117656508896005
484,0.4193847425110522
485,0.4526845285452752
486,0.5119773939287521
487,0.5130217437528602
488,0.36025225487194035
489,0.3719377595577503
490,0.37943470586788464
491,0.2898915385820447
492,0.351344438907099
493,0.3553026817433658
494,0.37319065545159585
495,0.37082466507010053
496,0.3549275679905332
497,0.4205224685758143
498,0.4285635572388232
499,0.32654770592559673
500,0.37783983203377025
501,0.31995319054300436
502,0.40080628236091015
503,0.41957778659404077
504,0.4036121649330029
505,0.421045612009795
506,0.3877982199870383
507,0.4603279127839062
508,0.3747622983098277
509,0.3852966871625093
510,0.37888582533659787
511,0.41769203656945175
512,0.5166383413994607
513,0.3952362834671819
514,0.38550993839744524
515,0.39622096564076387
516,0.34743637288417445
517,0.4016659532284417
518,0.5037778591307457
519,0.35369410557670083
520,0.37265282566495406
521,0.4075051285559159
522,0.32200902598723324
523,0.4586666041473725
524,0.4182263558016054
525,0.3292646038001774
526,0.35074621071177836
527,0.4387232578849117
528,0.40733346714923574
529,0.40934375338389284
530,0.43442831848025837
531,0.3117154442122691
532,0.33664720839770657
533,0.3311446731298143
534,0.4257784106872858
535,0.4260573848053075
536,0.4595927439191447
537,0.23368184317902663
538,0.2322525229415929
539,0.35940938959908547
540,0.37126914413833917
541,0.37134085136232997
542,0.3613358362426679
543,0.32881053073595473
544,0.33125266671867554
545,0.37247879395005073
546,0.368449075982593
547,0.38655619012197484
548,0.33604981309727505
549,0.2665765367062614
550,0.4294386200905719
551,0.37770125025446544
552,0.3288311833722394
553,0.31660526341342304
554,0.3404893285044961
555,0.34237477364748825
556,0.3989860649637828
557,0.4100224460358904
558,0.34195692923891563
559,0.44320999015344115
560,0.3120074979952913
561,0.43703835265854524
562,0.4383531077631742
563,0.3949783264691003
564,0.39558909367118267
565,0.3640243634798203
566,0.3626150393923702
567,0.37495399930567497
568,0.3626194026736077
569,0.3281641927216508
570,0.4114648555589889
571,0.37911932779922114
572,0.31296705746540543
573,0.3457884209622831
574,0.3194436094721297
575,0.2876883202786353
576,0.40900731794199474
577,0.48472021542105653
578,0.39272089568196455
579,0.32210775455474633
580,0.3780120610591172
581,0.3010166372144018
582,0.3740197535379802
583,0.35542929035028775
584,0.358621142434671
585,0.4509235306854387
586,0.3094587124659132
587,0.4739262455239517
588,0.4727478249045204
589,0.3710056581129846
590,0.33537053138475753
591,0.3327381342773124
592,0.36208155214184545
593,0.39906565738905064
594,0.3959482387795298
595,0.19706694215176232
596,0.361686235350921
597,0.3350350250184367
598,0.3449559258698973
599,0.37259803176168793
600,0.3681898467378112
601,0.4870831057131085
602,0.5463366102584364
603,0.32696058977224346
604,0.5076847249673437
605,0.511954480070347
606,0.5177848794872842
607,0.5449215142864204
608,0.44339773907108204
609,0.4367469902532447
610,0.49437690441331383
611,0.47114802175600584
612,0.47322429481170913
613,0.5661919651554144
614,0.4650561862983634
615,0.4975407869840591
616,0.4924476515492939
617,0.46488589659670193
618,0.4999598658684965
619,0.5542260976168364
620,0.44449011980726283
621,0.4642909451135139
622,0.3637838268272991
623,0.4753792644859493
624,0.46351319807430663
625,0.464015778388832
626,0.5305444645746112
627,0.48982960404493575
628,0.45232602543256306
629,0.45112900529934385
630,0.5067373437380476
631,0.4962246149527963
632,0.48176339602253215
633,0.37425697777956207
634,0.4453840436834666
635,0.5026991903547889
636,0.4968133903416358
637,0.5622350235697599
638,0.5020487581284053
639,0.40957725041062754
640,0.36224803700688746
641,0.5336255280498711
642,0.4735728620929983
643,0.4802401282509537
644,0.5885210509135194
645,0.5082839634530536
646,0.4275372740330179
647,0.4012477755356881
648,0.48881944065173394
649,0.437877561825389
650,0.4892827684246969
651,0.4217147369094771
652,0.4642964916252724
653,0.5379609090901567
654,0.5508048952387505
655,0.468885036451617
656,0.5404017827450909
657,0.5466605764477246
658,0.5384137467092581
659,0.46618849121831724
660,0.5209863924400708
661,0.4565942629608964
662,0.48582740509944444
663,0.42869373030718877
664,0.4772883697451293
665,0.4058095878812239
666,0.5561180597006032
667,0.4445863705539617
668,0.4039506609081313
669,0.5390511797728852
670,0.5481745349521588
671,0.524614521900118
672,0.5581722527848608
673,0.5636500150415578
674,0.4197938363467494
675,0.3586114885217375
676,0.43107217665776976
677,0.48552629914696654
678,0.49124608040682344
679,0.48810145687303597
680,0.43050188796177014
681,0.4421565499474625
682,0.4409288231161056
683,0.44075894485640565
684,0.4404090624061306
685,0.4387896316334345
686,0.5013743353676082
687,0.503786369845074
688,0.5034838431250653
689,0.4373100486551871
690,0.47143282827127325
691,0.5073007643547891
692,0.5164136962425555
693,0.4837054938153297
694,0.5329167434487397
695,0.5242881151958233
696,0.5134795213048973
697,0.5239690096035752
698,0.5304383334695453
699,0.5181760767423228
700,0.5222355505955776
701,0.49340857215486883
702,0.462167387017116
703,0.605408097433009
704,0.49939422047752446
705,0.47665348343439146
706,0.487199078926408
707,0.42643709133731833
708,0.5332946097035748
709,0.521215563075545
710,0.5356045917333645
711,0.4696878404873725
712,0.47731280972234946
713,0.487999883192173
714,0.45052092469936916
715,0.46832117584977373
716,0.4670157559246674
717,0.47751499223276583
718,0.42275207163328943
719,0.42737168507521095
720,0.4590023695147851
721,0.4534492252572735
722,0.4927391680579548
723,0.5331665155310852
724,0.5324782610164827
725,0.5683094847222667
726,0.5071628074455188
727,0.4302102803707604
728,0.4443219578144227
729,0.44302023663339113
730,0.5187976423136638
731,0.43520829045945286
732,0.5134487681867449
733,0.5944026435587603
734,0.5940419217366967
735,0.5591734975476458
736,0.48703653087024273
737,0.24562516375736607
738,0.4326552599541333
739,0.4266218800201026
740,0.4783024405900662
741,0.44709074674700466
742,0.44775295756040795
743,0.5552277941062752
744,0.4630998903110732
745,0.47997591147057417
746,0.481527627909569
747,0.4082250523907118
748,0.4092223461285493
749,0.47085455745552796
750,0.47340295765445645
751,0.5026336975282163
752,0.5160835973359601
753,0.5091135272898081
754,0.43065052263218256
755,0.43461570998049287
756,0.4529314041951789
757,0.45976677077645767
758,0.43371339175452694
759,0.44378125844396216
760,0.45208262573332986
761,0.4394697819805157
762,0.5319614468671914
763,0.47083271914830416
764,0.4336470120713312
765,0.4842133928833387
766,0.46265087836465646
767,0.4609593455358252
768,0.37761865406267303
769,0.5119513364859268
770,0.47240794268146125
771,0.3911593465891751
772,0.38644433081251117
773,0.5015788733431864
774,0.5074794837303283
775,0.5201462335104167
776,0.4857604262307322
777,0.469086681699733
778,0.4775639361083722
779,0.5029609066846173
780,0.41176571484675856
781,0.3713586023471926
782,0.5477365538990058
783,0.49803677117262446
784,0.45682520110693275
785,0.4243471466406881
786,0.4544190879017803
787,0.4700085543947417
788,0.47799680446215714
789,0.4939140095552322
790,0.4162155007330033
791,0.4512398142140643
792,0.4154264149313059
793,0.5106096541859408
794,0.5074683946642122
795,0.39574060922598553
796,0.42531076692614067
797,0.4142598406785859
798,0.42594291343042145
799,0.4144038381688229
800,0.3413404908919267
801,0.46410830669472053
802,0.5459704546138215
803,0.5332996388338666
804,0.4751800359288079
805,0.5406136204096361
806,0.4388887174736439
807,0.4596076020998352
808,0.4869829796960309
809,0.41722455031446654
810,0.574472582558047
811,0.5740228999776038
812,0.4162972103019939
813,0.39606869845428494
814,0.46805469558039065
815,0.4699363370443322
816,0.6068540183749982
817,0.4365355967535984
818,0.4656867399937447
819,0.36417204538808745
820,0.47007868185763435
821,0.5184157932182317
822,0.4631065074028272
823,0.5795234017335162
824,0.3705355650776896
825,0.15612941066041208
826,0.7929527517616892
827,0.7530035131948765
828,0.7613504685524131
829,0.5331839808647808
830,0.458803834103031
831,0.6277302718676825
832,0.45136439530218614
833,0.45414480720487965
834,0.398241297498822
835,0.46389492800159593
836,0.4827983018084064
837,0.42853688415209246
838,0.426949606192273
839,0.49385185052642894
840,0.5762776433742964
841,0.5167300783308765
842,0.40636519577615376
843,0.3824421038784354
844,0.37807541300441666
845,0.44023881484484334
846,0.5073057155848555
847,0.41900193871957814
848,0.5354731004640456
849,0.7776965856750476
850,0.5477973480173867
851,0.5349169100474462
852,0.4068632037364597
853,0.38573387160131933
854,0.3853450910424066
855,0.49523024049189934
856,0.40911368903707723
857,0.4113245468067502
858,0.48379975265583025
859,0.48742982134180834
860,0.39615349593248
861,0.5045715737215509
862,0.42086656402666467
863,0.5016643961161708
864,0.506030097332609
865,0.38151561302158615
866,0.3714993422433043
867,0.5001823561482753
868,0.6149317943845981
869,0.4697564139102957
870,0.6185418807574983
871,0.3966396998148495
872,0.3975607879335494
873,0.38505791211048124
874,0.523384763509278
875,0.5290810494762783
876,0.5546852985368437
877,0.5568494579357088
878,0.3752556699742986
879,0.41100193599510887
880,0.4856082309555684
881,0.48620482259743475
882,0.4191788228238092
883,0.43882559287964973
884,0.4426792555309324
885,0.4821030479661472
886,0.463534274127893
887,0.4685589865756717
888,0.4373592763483648
889,0.6110258124659936
890,0.6398602729755113
891,0.5645190540769777
892,0.5797503320699607
893,0.4360372235957885
894,0.4799611091327131
895,0.5069748974574514
896,0.47106342723122047
897,0.4567053066102368
898,0.3832850029937393
899,0.38601960816015635
900,0.5958603793954421
901,0.5998389925399293
902,0.5868214789058421
903,0.47215051296356164
904,0.6574270950344832
905,0.4591505293149531
906,0.3857526447552061
907,0.5415147482931166
908,0.5420065963255144
909,0.5049190046811992
910,0.5135793578781392
911,0.4075134758391979
912,0.4074413033166219
913,0.5533376344440054
914,0.4597619890489334
915,0.45979112728256055
916,0.44465758485656276
917,0.4696849785543783
918,0.42359499900403685
919,0.4142474501828819
920,0.44893330118934915
921,0.5583041762765951
922,0.46642362657600384
923,0.5063637816965988
924,0.5111837683248914
925,0.47249525416221066
926,0.4395198395765659
927,0.4367818305413105
928,0.7330845796235331
929,0.41886840993678043
930,0.4187497969640469
931,0.635569797038032
932,0.48176966355108813
933,0.4817553196265171
934,0.491367890436757
935,0.38577146429034465
936,0.3881723157382774
937,0.4488345094335185
938,0.42483698293905664
939,0.41577526470107595
940,0.5807472102823446
941,0.5410024090070308
942,0.5428029567831658
943,0.536084906370351
944,0.3993227250854943
945,0.48212036088202287
946,0.41850909864579255
947,0.403641601713045
948,0.39992323924813206
949,0.46494077560157976
950,0.4662041460838729
951,0.37995727281570074
952,0.3928893855350765
953,0.34423261003866884
954,0.3455213552798658
955,0.5319166028764112
956,0.4653230864929833
957,0.4562472570769852
958,0.41636204653651177
959,0.42347911649567177
960,0.5577875828838754
961,0.5583590505492012
962,0.3723844417785175
963,0.42445800664385425
964,0.43560057409925457
965,0.43958289984684834
966,0.44934229682655275
967,0.38703098518366547
968,0.30019120904722907
969,0.39770766530174806
970,0.3955220484217341
971,0.5004334831062983
972,0.5005725202579246
973,0.44862712472403754
974,0.41134785750725417
975,0.45643948722750566
976,0.3447128878979391
977,0.3421322381600172
978,0.4499525308619234
979,0.4513643869840248
980,0.4310605107426254
981,0.47017206409682455
982,0.4187314274994606
983,0.51544907239318
984,0.42732154686539403
985,0.42331343134482785
986,0.5094760782151706
987,0.43896572529501854
988,0.5775751656130252
989,0.4018071428963843
990,0.560722735528563
991,0.4698338839699037
992,0.6921246445977928
993,0.4737287180666008
994,0.36573444235083435
995,0.35896789171481513
996,0.4833898154183004
997,0.488894247928186
998,0.38185509665937545
999,0.3923064512139144
1000,0.42858781748112224
1001,0.4343984212050981
1002,0.3723071033964689
1003,0.38939985944522504
1004,0.5653008810764163
1005,0.3579856852383692
1006,0.8196597266636022
1007,0.7002360646648964
1008,0.6283132896461554
1009,0.5551793921530475
1010,0.6315083926014594
1011,0.5611577471941634
1012,0.2841536884942236
1013,0.44556819166060024
1014,0.44447329074900405
1015,0.5459219211202917
1016,0.6355425406148253
1017,0.6826620912996677
1018,0.6793275881257042
1019,0.7331839797413443
1020,0.6801079529809313
1021,0.27441225049364776
1022,0.4862905464864086
1023,0.511619461210006
1024,0.676493848702701
1025,0.6731362182472227
1026,0.46800934697325886
1027,0.562575066630128
1028,0.7417102121108382
1029,0.7522277990262993
1030,0.3561426790519519
1031,0.7892321335498853
1032,0.5894580394134681
1033,0.5775584008475556
1034,0.43697380086936827
1035,0.31848825034535694
1036,0.4792574522461594
1037,0.35252597244716133
1038,0.2956870262832804
1039,0.472280244354881
1040,0.7268881718457195
1041,0.2599871385823315
1042,0.4264499206290164
1043,0.1697664590299207
1044,0.7817513168822658
1045,0.7741416709861556
1046,0.5108005193384489
1047,0.6406954829717129
1048,0.6317866171804559
1049,0.5539974370003773
1050,0.45301082880346555
1051,0.517913351120661
1052,0.7559420023979873
1053,0.6534246241107566
1054,0.24265414357480086
1055,0.3473064547116076
1056,0.3634067939488974
1057,0.49070797423719537
1058,0.4874160245292493
1059,0.701333242207905
1060,0.5751059795256883
1061,0.5474228460648823
1062,0.2532042762999385
1063,0.4882769074008071
1064,0.6804955394139892
1065,0.4108486062865403
1066,0.36443876986311924
1067,0.2956114290563026
1068,0.8022600751196323
1069,0.58342196698885
1070,0.4759700767623401
1071,0.6101093177133255
1072,0.47138139226403813
1073,0.2500444023795227
1074,0.8247038638868753
1075,0.368393308764547
1076,0.7174195306935177
1077,0.6247565251758949
1078,0.6113627828763352
1079,0.5734926354571934
1080,0.7378162710055757
1081,0.5546523189225446
1082,0.6267670976186148
1083,0.3160429514259768
1084,0.3202788016226316
1085,0.411651916215831
1086,0.38778279492729134
1087,0.30170891289887547
1088,0.5761886712260761
1089,0.7106893614657556
1090,0.6294071030665559
1091,0.24147149505502136
1092,0.24583158880955822
1093,0.21928170446600284
1094,0.8561679907210382
1095,0.5250600496583948
1096,0.5353551324696849
1097,0.36099763275031926
1098,0.2874427550964799
1099,0.37748748411952016
1100,0.616164162275341
1101,0.5959260205630037
1102,0.5527206704659908
1103,0.4854788531495869
1104,0.886687163906783
1105,0.4983018453851679
1106,0.47486307317943943
1107,0.476117217273466
1108,0.6130112189270694
1109,0.5706650278746657
1110,0.6158760104052896
1111,0.07022919365228279
1112,0.686702012631914
1113,0.6878211120462344
1114,0.5349401742568058
1115,0.675342029577712
1116,0.4703708458093315
1117,0.17094206173711646
1118,0.756487891544015
1119,0.43362166903333227
1120,0.21715340043662346
1121,0.35332332027559066
1122,0.6603976634846667
1123,0.5817317282560904
1124,0.7777550993865799
1125,0.25184762039835107
1126,0.41730450340175723
1127,0.558257734852452
1128,0.5568613269314376
1129,0.5178159715421791
1130,0.5317514841535597
1131,0.705202273170128
1132,0.4285983016919513
1133,0.2538209622878952
1134,0.41223719904980777
1135,0.5213543141598346
1136,0.5494363549127911
1137,0.6297888059424931
1138,0.6264579063996407
1139,0.46576477948412887
1140,0.6705978667006929
1141,0.40053715046234867
1142,0.3949407727469914
1143,0.3407875921102496
1144,0.5038505400068414
1145,0.28976792157624776
1146,0.5683825476658773
1147,0.4825221947887668
1148,0.18448039950257916
1149,0.3849519789796785
1150,0.22432795366117525
1151,0.40546487297156847
1152,0.5423232704085666
1153,0.5207128215561051
1154,0.768496055262797
1155,0.2795476543750922
1156,0.5715013398151007
1157,0.6989208301463167
1158,0.3954047292851506
1159,0.3989302217544422
1160,0.3147098175545497
1161,0.4075744477525724
1162,0.43812006137861
1163,0.31409614176949974
1164,0.17660977813203083
1165,0.5322193165929551
1166,0.6891426776914902
1167,0.775763387979687
1168,0.4869234176098469
1169,0.620349059611362
1170,0.3273285065929383
1171,0.4112189752591281
1172,0.38035411229242777
1173,0.3389063497199398
1174,0.417737304526663
1175,0.4410592598852232
1176,0.49450763608481424
1177,0.3589227812749877
1178,0.17955268975549385
1179,0.5991947747511505
1180,0.7112845243821703
1181,0.48998428858325566
1182,0.7120744367527561
1183,0.715079718968161
1184,0.2988508417307648
1185,0.37628537041055976
1186,0.6643770438483089
1187,0.5495869968469554
1188,0.5511539435392302
1189,0.7122326918999065
1190,0.7506840239091488
1191,0.509391267032787
1192,0.3372398076890328
1193,0.3136022517069251
1194,0.5417460446411188
1195,0.3250716159321166
1196,0.4419157760753694
1197,0.4460246522348633
1198,0.07870379556129954
1199,0.7503967122040688
1200,0.3184947221893357
1201,0.44919517842805434
1202,0.6248196272141789
1203,0.5568363649688276
1204,0.5341688085919367
1205,0.5111437148232544
1206,0.5062650153728385
1207,0.4981662955785669
1208,0.4753231679616268
1209,0.5214338929123268
1210,0.5562131821017183
1211,0.4164769455617063
1212,0.5278644761159628
1213,0.3620987648180673
1214,0.4657592302492644
1215,0.5524524783884338
1216,0.465948204396882
1217,0.3991530348382661
1218,0.4179789453555065
1219,0.4839571595749086
1220,0.4920359608431572
1221,0.43714924631676727
1222,0.43710886114513753
1223,0.5582739921746793
1224,0.4377440772489545
1225,0.6398854662136098
1226,0.4837388599744567
1227,0.4102061219252655
1228,0.5218149742873267
1229,0.5711058387258956
1230,0.4592074741560826
1231,0.42791472659797536
1232,0.37161577869733375
1233,0.5016695869563226
1234,0.4200282453223187
1235,0.4341368624194582
1236,0.5471973270750531
1237,0.5233755853740425
1238,0.47024107774500307
1239,0.4155334501263054
1240,0.5096229909026943
1241,0.3665115038990561
1242,0.4830724804471844
1243,0.5919043126784318
1244,0.5900015521210702
1245,0.5731327437980572
1246,0.4968122906829302
1247,0.5743364097462204
1248,0.6430692833919803
1249,0.5233295631284928
1250,0.34796957147366053
1251,0.4415936731950864
1252,0.5039945747289598
1253,0.4142027979254212
1254,0.505671682138843
1255,0.5060619713841766
1256,0.41510297989609113
1257,0.602889034387917
1258,0.4136297712970489
1259,0.3419400981617392
1260,0.568561984549404
1261,0.4958040155881729
1262,0.577943644671093
1263,0.5782923450523425
1264,0.4956283752411646
1265,0.5561689393036382
1266,0.555979985639652
1267,0.5106828359639322
1268,0.41902392553473045
1269,0.4668358640327277
1270,0.3434600922265237
1271,0.44461861789579166
1272,0.44897428057561706
1273,0.5291027317181647
1274,0.5294601716281503
1275,0.6423265494742877
1276,0.4814068541260998
1277,0.43025265454855005
1278,0.4950687168244479
1279,0.46476433879864526
1280,0.3616306358493289
1281,0.41976340318347793
1282,0.41968836242254937
1283,0.46530718395359827
1284,0.4555928290635465
1285,0.45467793907794235
1286,0.5150719600819258
1287,0.49239145109181703
1288,0.4537684866926678
1289,0.5066363833006138
1290,0.513042949667458
1291,0.3509453191772841
1292,0.5188019731665172
1293,0.4762277199680264
1294,0.5039200597054155
1295,0.5569712499815519
1296,0.5174535572177515
1297,0.5407343613677175
1298,0.4387470439818296
1299,0.47596573727202096
1300,0.4740106102756805
1301,0.4191166138717568
1302,0.4901582404750381
1303,0.5504198448027181
1304,0.4850372578779418
1305,0.4839576563377775
1306,0.393208240591897
1307,0.5543439391888375
1308,0.5542403674208329
1309,0.6237424162576873
1310,0.4424332152430696
1311,0.43410981030464174
1312,0.4314609667763057
1313,0.42277708963804217
1314,0.4164856749416593
1315,0.427793567630869
1316,0.518905580955708
1317,0.4940903619891345
1318,0.49375707704764665
1319,0.4914485994691076
1320,0.5550156457262267
1321,0.5955314422460113
1322,0.4757267743864729
1323,0.47383310403251394
1324,0.43187170341162845
1325,0.43205559373705293
1326,0.48004645920968675
1327,0.4836246999866733
1328,0.408139410316155
1329,0.5789717146633424
1330,0.40715942328780796
1331,0.40404616509794317
1332,0.4047468867718745
1333,0.5321131974567497
1334,0.44448518937898795
1335,0.48153797962855677
1336,0.4507913878698019
1337,0.5725210079783105
1338,0.5592399837444054
1339,0.5383069527348898
1340,0.4686636376931331
1341,0.46855154478649197
1342,0.5156170610241828
1343,0.44463912026943103
1344,0.35815518143237307
1345,0.5413143232897637
1346,0.4392629710541674
1347,0.40776677551852186
1348,0.3414115909967983
1349,0.5900587639728436
1350,0.35832720389179457
1351,0.3338491938713599
1352,0.5771994965160133
1353,0.5334447582582573
1354,0.5549866319921244
1355,0.5551221913092628
1356,0.48583661774722614
1357,0.48771629966514063
1358,0.5005902337568011
1359,0.49622535079926966
1360,0.45307601407183323
1361,0.5011163430466307
1362,0.43644030383917753
1363,0.3848427307404638
1364,0.47351611771177404
1365,0.4754543402890847
1366,0.4770485806985136
1367,0.5456079760146612
1368,0.4485290903881243
1369,0.4047789509847393
1370,0.4951101830582982
1371,0.345431129240652
1372,0.46411784932615324
1373,0.4472025068606705
1374,0.49778878478448346
1375,0.4538453350857371
1376,0.49785582584579624
1377,0.5800824321074055
1378,0.5803920893965406
1379,0.4443498398816489
1380,0.44535677532661366
1381,0.38523352031433783
1382,0.5196123692644636
1383,0.45149768706191706
1384,0.4331479996986559
1385,0.4337330200370687
1386,0.3482736489729006
1387,0.3500633257023631
1388,0.4991049099734225
1389,0.4147358283711953
1390,0.4611533378623489
1391,0.4162702565900081
1392,0.5391211790809848
1393,0.49836645591756984
1394,0.47882344447895503
1395,0.4492660513457314
1396,0.529653205195679
1397,0.33233229777360473
1398,0.5684021524343695
1399,0.5753870165629664
1400,0.5010046707436515
1401,0.5001169332491671
1402,0.48011407969307773
1403,0.499384436254339
1404,0.4848617174579494
1405,0.4392594325765236
1406,0.4865644860169888
1407,0.4962534508223575
1408,0.48061819193240857
1409,0.5414861317079429
1410,0.3856498682880815
1411,0.48528301535033846
1412,0.36624621009105374
1413,0.3619453287975587
1414,0.4269771042566276
1415,0.49884213496196106
1416,0.4464933974273136
1417,0.38179674822847537
1418,0.3803147806742155
1419,0.41711946119816085
1420,0.46114372712281054
1421,0.39204724209911207
1422,0.4300385584668846
1423,0.45735453997955366
1424,0.47244475372964306
1425,0.4715713839099398
1426,0.3717542275617948
1427,0.36238118871269137
1428,0.3766992255571555
1429,0.47217999035285696
1430,0.4965539636992432
1431,0.50127007736581
1432,0.5542139647217419
1433,0.421227089080386
1434,0.4180771404594159
1435,0.38519339806327824
1436,0.4665338886579718
1437,0.33292983843023577
1438,0.46847619288074654
1439,0.3600118186719584
1440,0.3788957163174167
1441,0.519795312136192
1442,0.48206642473820366
1443,0.4094591250493252
1444,0.5664645635084671
1445,0.5784625377307195
1446,0.414718046843984
1447,0.34424702919507033
1448,0.49785195998135556
1449,0.5514322989410385
1450,0.5305104168826996
1451,0.4811607221696052
1452,0.5711831632359814
1453,0.6107542185108064
1454,0.5974846160938893
1455,0.4969130644718481
1456,0.362670322820975
1457,0.5148680181801147
1458,0.5169582085575858
1459,0.39332988734672214
1460,0.47406496847261215
1461,0.36619770040875077
1462,0.4879370765959146
1463,0.4025769430613921
1464,0.4983534410793118
1465,0.40367059151330265
1466,0.40488423073947605
1467,0.3587075839314179
1468,0.5548368915891533
1469,0.4316860118365941
1470,0.5466209124072721
1471,0.4088220135146136
1472,0.49748553126484185
1473,0.49198626107452914
1474,0.4491389406446711
1475,0.3096251906715607
1476,0.43000595666094615
1477,0.39122643716829386
1478,0.48491643485527103
1479,0.5976283602790257
1480,0.46125176448370186
1481,0.44637706211954414
1482,0.4188235682170754
1483,0.4467041827040668
1484,0.3285616699755696
1485,0.37841005760975877
1486,0.425527942231405
1487,0.43842679188810707
1488,0.41176869699553975
1489,0.5021738039065364
1490,0.49066339312298446
1491,0.435455205507311
1492,0.4493792638628273
1493,0.42328978976159765
1494,0.4149662451787806
1495,0.33179151186303996
1496,0.4862602154174291
1497,0.4873925443225065
1498,0.5163815012265107
1499,0.4774719499551004
1500,0.4959956096235607
1501,0.5009063974350844
1502,0.41625982664216243
1503,0.43276691824829855
1504,0.37732513055803485
1505,0.39486925252947547
1506,0.5908797682561964
1507,0.4712258284883563
1508,0.5143509883541164
1509,0.43541648875623573
1510,0.3570453521962948
1511,0.469377821373805
1512,0.5875765484400189
1513,0.4985957711523663
1514,0.41285206355899173
1515,0.352674235551612
1516,0.41589565595208833
1517,0.3647684255664337
1518,0.39663705235718416
1519,0.4753820120091547
1520,0.49355358314240744
1521,0.4186266836983053
1522,0.4996326311588609
1523,0.5017789298623179
1524,0.4986447081249437
1525,0.36162082225005937
1526,0.403323701838244
1527,0.3883587960770465
1528,0.5540463581477165
1529,0.36033985312135325
1530,0.4665299314081058
1531,0.42072571409158405
1532,0.4341595718972385
1533,0.4931471939980742
1534,0.5004715957624385
1535,0.5256552488162274
1536,0.5199096102717583
1537,0.4019855195600276
1538,0.47234811838174506
1539,0.34564459783703355
1540,0.49559553747264923
1541,0.40501869072393043
1542,0.38653856994128155
1543,0.41225390918644156
1544,0.30636505679802256
1545,0.5376085179406389
1546,0.38521609240673343
1547,0.4777722229709834
1548,0.4571931945363968
1549,0.5190085906296887
1550,0.3738714911952617
1551,0.49996681545710614
1552,0.5128845571348591
1553,0.4870744714285942
1554,0.48564821629832844
1555,0.4227271866559308
1556,0.4759962142496182
1557,0.499143278232836
1558,0.40489031859772406
1559,0.3411097202041636
1560,0.4515851547559251
1561,0.3469074245720518
1562,0.46247493133205975
1563,0.5059524086987319
1564,0.4204185634097228
1565,0.3738738433769382
1566,0.4407735241087701
1567,0.3575859254118073
1568,0.4259777686125065
1569,0.4242119344341981
1570,0.3979375660047873
1571,0.46518875225717915
1572,0.440464169649682
1573,0.5332774345071521
1574,0.5387353013162715
1575,0.48748626856791705
1576,0.49759855353135973
1577,0.49455965993716094
1578,0.3655202796651832
1579,0.5106032681880841
1580,0.516129597177125
1581,0.4302085140010525
1582,0.4348290726180024
1583,0.33094686152058445
1584,0.49943730882930376
1585,0.3965981567749638
1586,0.41799702716621046
1587,0.3962778594004145
1588,0.4399054865146723
1589,0.44107476214580044
1590,0.5031638171766097
1591,0.37359137513390717
1592,0.45415689346226273
1593,0.5613642232317394
1594,0.5465907456502918
1595,0.48910571350279025
1596,0.5238738812440842
1597,0.48434458765557575
1598,0.4856186738718497
1599,0.509715744428179
1600,0.5016230242150883
1601,0.5457423691747212
1602,0.5331086079469707
1603,0.3985629508525328
1604,0.5110835504641285
1605,0.3460870128802927
1606,0.3669020028313726
1607,0.5749194184745176
1608,0.48957201908346715
1609,0.4295777571486707
1610,0.48483712645627414
1611,0.40759427524974384
1612,0.5502468707966509
1613,0.5699482910346084
1614,0.4533261951730789
1615,0.459968515090938
1616,0.6131997913180317
1617,0.47730344325955093
1618,0.46200890862143246
1619,0.35642826232265534
1620,0.5144399728207354
1621,0.49643316021834594
1622,0.4037959935251925
1623,0.4732922844776642
1624,0.367764096927047
1625,0.5157118483171255
1626,0.36521661998152694
1627,0.4060200075729364
1628,0.4090845898695813
1629,0.5091443016113243
1630,0.507458786192317
1631,0.4151890831656289
1632,0.4101639567000711
1633,0.42290182334097004
1634,0.5794573317627811
1635,0.4030762821505609
1636,0.5297118692669067
1637,0.3078445059236468
1638,0.49190164368772454
1639,0.5704555642070797
1640,0.5684248875235103
1641,0.5024379094144417
1642,0.58302298540221
1643,0.581121954085574
1644,0.5347399149803608
1645,0.36555033796568587
1646,0.4719220612737935
1647,0.4305403959501933
1648,0.48981009825132027
1649,0.3805636104377493
1650,0.5029672563576914
1651,0.4087953006349507
1652,0.5552915309349413
1653,0.3490605413564402
1654,0.5542728397921282
1655,0.45806324615362104
1656,0.5778355363188671
1657,0.462185079690866
1658,0.5406602496501388
1659,0.5165206836756827
1660,0.430055945559623
1661,0.4568340364537754
1662,0.3259671244587291
1663,0.42709018839876
1664,0.4020258811986473
1665,0.41224982000754623
1666,0.5181630637321881
1667,0.5944193340177147
1668,0.4800185793327832
1669,0.4625334555308702
1670,0.42247596501835766
1671,0.41820635956904983
1672,0.47916965539601725
1673,0.3647652346720406
1674,0.40169047841417105
1675,0.44036969335609777
1676,0.44534110503005997
1677,0.48871346137069754
1678,0.5064467664859714
1679,0.4500827720433206
1680,0.44541005625515334
1681,0.4707054424454184
1682,0.5112610483477499
1683,0.4531163026771839
1684,0.4634146556733281
1685,0.5185107812401972
1686,0.5364252477738392
1687,0.5071227336298015
1688,0.5144508411709756
1689,0.5306432898785852
1690,0.44501063851112677
1691,0.5737511615869871
1692,0.48541560688699986
1693,0.5191934107518599
1694,0.46918068073288405
1695,0.3822722301445074
1696,0.5636646386189947
1697,0.4497775126969705
1698,0.5162421360756762
1699,0.5065673571031788
1700,0.3791095462328143
1701,0.5402305292223791
1702,0.5304275920260125
1703,0.5192982580964863
1704,0.5144129953626481
1705,0.42594284724074755
1706,0.424951980813887
1707,0.3679057791555323
1708,0.37026510861892853
1709,0.5041451597842561
1710,0.4119258726748773
1711,0.41962699362904565
1712,0.5020748387249991
1713,0.5038412340606678
1714,0.5035608578965596
1715,0.5337756819434707
1716,0.5074708533854372
1717,0.5135707711214036
1718,0.38172130836902096
1719,0.453614679112373
1720,0.4495975953888636
1721,0.4018747228164696
1722,0.3910380808982874
1723,0.39591133323960404
1724,0.418686212502455
1725,0.41674598382022815
1726,0.4652460763428653
1727,0.44135149916973315
1728,0.44723695190459634
1729,0.4675354583850054
1730,0.42938570025444617
1731,0.4284097229771744
1732,0.5225728915295923
1733,0.5417236564717488
1734,0.5166355164089858
1735,0.5413176270162933
1736,0.4141761094231275
1737,0.4886364806836553
1738,0.3940111349500001
1739,0.39393846261570525
1740,0.3748907746041755
1741,0.5274699603680718
1742,0.43373305766583775
1743,0.3154126940560973
1744,0.5524768625641433
1745,0.383923004180692
1746,0.49001109137916515
1747,0.49479166956433474
1748,0.5537715648648814
1749,0.35568292221404724
1750,0.5213805634658737
1751,0.5080115597786017
1752,0.46599783489500135
1753,0.465956903608027
1754,0.5229611590163352
1755,0.4613171309229375
1756,0.44020325510578523
1757,0.5009776257082631
1758,0.42162664334797884
1759,0.3544016030519408
1760,0.47766201136742137
1761,0.4842187657272175
1762,0.4618072327406905
1763,0.5269670306702054
1764,0.4384739669161066
1765,0.4828233698708844
1766,0.46363383772117295
1767,0.3776631223142159
1768,0.48554603240516864
1769,0.3596239796246306
1770,0.4175546395610195
1771,0.358536173934055
1772,0.4491792084133613
1773,0.43141738050742784
1774,0.5176021788925325
1775,0.5364661615150593
1776,0.5409164447564
1777,0.4726398194940945
1778,0.4727548598392515
1779,0.3749866512511109
1780,0.48598419310408514
1781,0.4451419228379744
1782,0.44981909615102456
1783,0.3623155641733589
1784,0.5085802993122626
1785,0.43055670399860063
1786,0.38740949926662843
1787,0.4478602373937589
1788,0.5029108039135656
1789,-0.026567020346154952
1790,0.0635393006977968
1791,0.7229088816527269
1792,0.43137160217957465
1793,0.4375855508053231
1794,0.2949482734600787
1795,0.28457438446759487
1796,0.66003311908714
1797,0.29705591575446993
1798,0.1401493850895417
1799,0.24221955808965798
1800,0.2125161702823582
1801,0.7559911131458412
1802,0.3363747160362565
1803,0.23739953203824002
1804,0.028254569775493364
1805,0.21195274521835397
1806,0.41638593640969795
1807,0.7829280315781592
1808,0.4600969782356464
1809,0.44090901644281927
1810,0.39050262192045837
1811,0.3313051636875316
1812,0.08454998557572821
1813,0.3493773103818781
1814,0.07578436298715507
1815,0.7313167322236727
1816,0.7274258011476531
1817,0.7705108408040816
1818,0.12475495478809115
1819,0.28234618685439083
1820,0.730149800769107
1821,0.28420574700567125
1822,-0.005630136669934902
1823,0.2641497819446813
1824,0.549506889511899
1825,0.593690476827856
1826,0.5915162922358493
1827,0.7027742013332309
1828,0.7358490191301487
1829,0.5488459676803082
1830,0.7309104649802364
1831,0.1986037393053298
1832,0.5496240779711412
1833,0.6996362436643557
1834,-0.014729300177424316
1835,0.6813479930246771
1836,0.7957329040709715
1837,0.13622767029097715
1838,0.2174861733616445
1839,-0.15193797059414083
1840,0.4547262499444455
1841,0.3132636343444752
1842,0.40307977390444855
1843,0.1503651262080172
1844,0.42382786173581194
1845,0.3390865413088381
1846,0.5700324684230113
1847,0.29003532727322606
1848,0.4446671276690841
1849,0.30536940950248775
1850,0.23577269911118276
1851,0.060624567236074005
1852,0.17339401207152444
1853,0.09129040433850633
1854,0.2954215646608424
1855,0.6898455833400595
1856,0.47318345916907933
1857,0.3221998388307389
1858,0.4722436237800193
1859,0.5934182737902951
1860,0.6306050197156324
1861,0.5482752099643344
1862,0.22709467870981873
1863,0.06094417449839634
1864,0.19385460138271846
1865,0.3053668999941971
1866,0.012838910185329741
1867,-0.14773800491286257
1868,0.09185701357403986
1869,0.07703823051835615
1870,0.3279388242397569
1871,0.09207421367017331
1872,0.28115557517612716
1873,-0.01987120323529466
1874,0.5788636745919462
1875,0.07758750351210993
1876,0.6030619334667651
1877,0.5562006325058921
1878,0.12615634269377987
1879,0.1871863268274011
1880,0.40127523031424556
1881,0.2948467321045005
1882,0.49774051974657346
1883,0.3724287439086016
1884,0.28187256505973485
1885,0.7611168157632782
1886,0.054891135789813424
1887,0.28729472376564336
1888,0.2764211412609849
1889,0.5123775782904317
1890,0.250578094949953
1891,0.5492063440343271
1892,0.6212696725273129
1893,0.38540360567591264
1894,0.16202488025323697
1895,0.5687469783198137
1896,0.7322316843814912
1897,0.6222085702668867
1898,0.6303718238391194
1899,0.40574903379807087
1900,0.6071534640802768
1901,0.20743061826582718
1902,0.5248104247632429
1903,-0.02342408408928284
1904,0.679046976941198
1905,0.5926294983425089
1906,0.4270130366349705
1907,0.24221647001692798
1908,0.7590435929775549
1909,0.6011852670216051
1910,0.5300424868373897
1911,0.08896051543450859
1912,0.351166672074465
1913,0.12208108360668206
1914,0.46419304400787226
1915,0.6988884475091693
1916,0.5072278535574458
1917,0.3098484807665178
1918,0.1948298654811654
1919,0.25544501832039795
1920,0.3414568879573445
1921,0.25852353851589954
1922,0.23621946632465207
1923,0.37208608073143856
1924,0.2352584607116007
1925,0.15269991530791938
1926,0.7935794879264148
1927,0.22048207915841528
1928,0.2599826560548166
1929,0.5295365457626775
1930,0.5579771749148483
1931,0.5325034623909212
1932,0.008975843052734892
1933,0.15536713686074352
1934,0.4027750391422897
1935,0.5716763272092791
1936,0.2743719444706138
1937,0.6934083957461964
1938,0.04743725318729697
1939,0.5272978779684637
1940,0.7234885463191364
1941,0.4449052638052605
1942,0.22799902365485902
1943,0.20377133589687602
1944,0.31461466726409243
1945,-0.0034550293847344406
1946,0.6183456874949526
1947,0.6442756546560588
1948,0.6304061185501408
1949,0.1768754111623798
1950,0.5150200305145978
1951,0.4215443592734038
1952,0.6093626959928047
1953,0.5997975638956693
1954,0.16181491012959126
1955,0.503145042757608
1956,0.37596935089691924
1957,0.6175117828140747
1958,0.6462032849786398
1959,0.595024940469493
1960,0.5458197401200773
1961,0.3860688795959074
1962,0.33700697516760836
1963,0.6447588681097116
1964,0.8095346156396045
1965,0.5648448241772543
1966,0.06048733667327222
1967,0.03531232884604524
1968,0.0726729355763215
1969,0.16080151688980346
1970,0.4467895887173443
1971,0.579963666395582
1972,0.12294526091303717
1973,0.2557496851288001
1974,0.4827345161567594
1975,0.524479904907084
1976,0.5319239185865332
1977,0.0033896071278050337
1978,0.642961998597847
1979,0.2804021966107376
1980,0.7366440133939604
1981,0.17383735343479298
1982,0.02277447991332648
1983,0.7838502534558219
1984,0.44677822061092887
1985,0.6004344198601034
1986,0.6238822236334743
1987,0.2890453547975657
1988,0.4508174047183769
1989,0.32061992798999356
1990,0.4532766055457457
1991,0.3795501740477293
1992,0.38333768041675453
1993,0.36848447255322636
1994,0.40135078336235386
1995,0.4150496550380384
1996,0.32966292371876976
1997,0.4052090655326543
1998,0.38265911244022927
1999,0.3700612676288768
2000,0.3917691390843133
2001,0.3076439390034053
2002,0.40673578707085123
2003,0.45247005448838196
2004,0.3900124175089809
2005,0.34256679877034607
2006,0.2739600628323421
2007,0.4069803811273769
2008,0.30527147542823485
2009,0.3752318549488196
2010,0.3613997059935928
2011,0.263992599538749
2012,0.37441712253724607
2013,0.388209912022576
2014,0.3733611429634061
2015,0.32199765013226556
2016,0.32210058036504213
2017,0.33590132062329636
2018,0.39642307210602484
2019,0.35599986077703843
2020,0.397437388012783
2021,0.3132146161246586
2022,0.35706105368572005
2023,0.30611918781937575
2024,0.39120139203505744
2025,0.3752297396398369
2026,0.3594280921754124
2027,0.4076471683575611
2028,0.31773600127463547
2029,0.3872305537380992
2030,0.3449500451705353
2031,0.43676581278022136
2032,0.313311513028889
2033,0.39836031559542384
2034,0.6233001635129908
2035,0.11552055573918417
2036,0.38208754969385733
2037,0.6968205047491177
2038,0.798321862711992
2039,0.7261438683154741
2040,0.45337233731951
2041,0.2809937175455043
2042,0.5343284898565738
2043,0.588056379193798
2044,0.4435391109162052
2045,0.5889750855406141
2046,0.7793841660094356
2047,0.6798611402142793
2048,0.7354776864671984
2049,0.816708969915705
2050,0.25507567105151946
2051,0.6563990082035696
2052,0.3216172311587013
2053,0.6114345593563199
2054,0.37196467449266807
2055,0.4903228419103394
2056,0.32493714522984957
2057,0.607086307550465
2058,0.5719168370778012
2059,0.5283717493202709
2060,0.6034118654208308
2061,0.3595416019936208
2062,0.41609903971912776
2063,0.6850850098185701
2064,0.5360788661548169
2065,0.8166222664764448
2066,0.37470543575748233
2067,0.4148240771430942
2068,0.40232849160524475
2069,0.4713591367030832
2070,0.39091349190493613
2071,0.3649567049987773
2072,0.40287707520073074
2073,0.3904449672573069
2074,0.36626425140355506
2075,0.4168386431823645
2076,0.3640443268044096
2077,0.46249720667849187
2078,0.41847167630777377
2079,0.3879326607570535
2080,0.3104441912560703
2081,0.45064896333153404
2082,0.39371648472159954
2083,0.29293590952913845
2084,0.3005350150974628
2085,0.40492202529030324
2086,0.41559476379376753
2087,0.3875680085103469
2088,0.39389189495125915
2089,0.34550018778158503
2090,0.5028855620080374
2091,0.3377141283848931
2092,0.4386733658966141
2093,0.351658002370543
2094,0.42021244884565845
2095,0.48065823054181916
2096,0.31951324713158913
2097,0.22959680410300048
2098,0.4119611411523416
2099,0.39133680724986974
2100,0.329236219832996
2101,0.48708208106188533
2102,0.34364932035167445
2103,0.3340148382969349
2104,0.19956072674260553
2105,0.42860137647477625
2106,0.36160600972291274
2107,0.4891796337347398
2108,0.49301300341297466
2109,0.46999550496487286
2110,0.4843873727109113
2111,0.4333573391876358
2112,0.525739387455125
2113,0.49705996082498394
2114,0.4781949897219265
2115,0.5492674875997388
2116,0.48547515937813485
2117,0.5115166931034633
2118,0.4085002560328196
2119,0.539671357184758
2120,0.5408889745869425
2121,0.5245103671575413
2122,0.5235876120181873
2123,0.4942037592485206
2124,0.4178195795796219
2125,0.4936686390702242
2126,0.47518594624367166
2127,0.5034664610623035
2128,0.40638219269277365
2129,0.5165962117328177
2130,0.5160688882604677
2131,0.476149356906631
2132,0.47579075867042275
2133,0.5001086717742868
2134,0.47502754955654125
2135,0.30259240534923465
2136,0.5263156050921024
2137,0.43679260605392345
2138,0.43972632714630866
2139,0.5408200003444555
2140,0.46625970488756957
2141,0.43630160904079973
2142,0.5008155044851021
2143,0.48316930700317234
2144,0.4895605832574488
2145,0.4359435726995186
2146,0.49973701117870095
2147,0.4848180835610644
2148,0.4618229002014689
2149,0.6085330858442255
2150,0.41499814861080003
2151,0.3933179370782501
2152,0.3677999566330592
2153,0.5240328202988795
2154,0.5205577717577936
2155,0.45179695835077854
2156,0.4593093362067374
2157,0.5768474075995869
2158,0.5222777471950704
2159,0.381555659804737
2160,0.4635310132131089
2161,0.3776734168979582
2162,0.7757405136272066
2163,0.48179468303080786
2164,0.5351783834384751
2165,0.41060530108472354
2166,0.3968041304895735
2167,0.38591674723022684
2168,0.3646562220093779
2169,0.39681247499703304
2170,0.4356023247674771
2171,0.588052176426699
2172,0.4690894592607552
2173,0.6597118430886422
2174,0.538023332566234
2175,0.293811602143434
2176,0.4696217951624889
2177,0.41247780801425976
2178,0.4555294722450304
2179,0.43519095029234284
2180,0.484488887703013
2181,0.41756727708287605
2182,0.3995021386768558
2183,0.5465740641569676
2184,0.4320400806046658
2185,0.35541959480425905
2186,0.4698936019011552
2187,0.3728970964169973
2188,0.44730771744895553
2189,0.45720016157884286
2190,0.3740276514318053
2191,0.6341548199959504
2192,0.7950826010604951
2193,0.6851627149008704
2194,0.5131098519719447
2195,0.8580211545901455
2196,0.636526157097899
2197,0.698241118040155
2198,0.2947069103885581
2199,0.7501732068546015
2200,0.3634661674281648
2201,0.6459302948671822
2202,0.6479506097514732
2203,0.05542812546617508
2204,0.764170222711966
2205,0.18038802789608777
2206,0.25931873372879244
2207,0.42280079801757847
2208,0.7166384281126222
2209,0.8457656372981953
2210,0.3532399529639716
2211,0.25274010640992006
2212,0.2928387513120448
2213,0.6249741548808997
2214,0.4594699602494812
2215,0.5338283205185784
2216,0.39767870081348833
2217,0.4857849825413573
2218,0.6784424219476635
2219,0.3972161372323362
2220,0.5718211443947521
2221,0.446230805030582
2222,0.16095526674635635
2223,0.6740228744153675
2224,0.5287881105885078
2225,0.5969887592032538
2226,0.6587111292992707
2227,0.6968009157359992
2228,0.3309754263701534
2229,0.31957632850367174
2230,0.6225785900349828
2231,0.5366694424229145
2232,0.5222984223494057
2233,0.529398319734619
2234,0.41495410811738526
2235,0.5580005507809888
2236,0.4374754176142135
2237,0.48859495508325484
2238,0.50911799179312
2239,0.523385363253631
2240,0.49217339422173617
2241,0.4286822859558836
2242,0.3547565951629853
2243,0.5508137067979083
2244,0.44904326901314257
2245,0.6359149768558174
2246,0.4283368423258196
2247,0.4683253996653231
2248,0.4527419562132157
2249,0.5198337178101011
2250,0.5170481934795268
2251,0.5347074467384871
2252,0.5439132659593074
2253,0.5641269687460043
2254,0.5441184543532526
2255,0.5547382500920124
2256,0.5950730800242323
2257,0.44210898169360535
2258,0.4451087230385745
2259,0.5384917371773061
2260,0.5405955121739059
2261,0.35722494248683334
2262,0.5402810436168931
2263,0.34239309065138346
2264,0.49928948380153815
2265,0.4666173066161032
2266,0.3816495178429946
2267,0.45396456260289286
2268,0.44267704019540166
2269,0.3878311224622297
2270,0.48061764714538346
2271,0.4615849676770775
2272,0.4569534477775517
2273,0.5895488323907155
2274,0.5217992419055617
2275,0.506224792286441
2276,0.45265280608333847
2277,0.35380423171856434
2278,0.4297114048168277
2279,0.5353608203217194
2280,0.38275613066796105
2281,0.4368515731266707
2282,0.45249962711132474
2283,0.47313811798114364
2284,0.3800066497132679
2285,0.4243104689414119
2286,0.5008481583009701
2287,0.6042922022879729
2288,0.5040982170404336
2289,0.44464663581085917
2290,0.3404414826812977
2291,0.49849750394044995
2292,0.4097060568893767
2293,0.608206971498417
2294,0.5110800406429218
2295,0.4137396069587552
2296,0.5039196815417619
2297,0.5175553690406938
2298,0.5211455468009578
2299,0.4043757811704538
2300,0.48309215428048835
2301,0.5399501592951843
2302,0.4720164189189436
2303,0.4469663141519637
2304,0.5628445775266966
2305,0.415796499920171
2306,0.3691193876953433
2307,0.42775146712764156
2308,0.5230668093908015
2309,0.30832684437889096
2310,0.47887298503368897
2311,0.45899801703897886
2312,0.37577552793442764
2313,0.4433874368912445
2314,0.43628056841560486
2315,0.4622754222960804
2316,0.4408297471750335
2317,0.3974544385075286
2318,0.4661998842255299
2319,0.4440089881892892
2320,0.44902063733611275
2321,0.5050672767230696
2322,0.3981940763935243
2323,0.4500431169938472
2324,0.48874994924179543
2325,0.5327109029324099
2326,0.5029870337920848
2327,0.5462716625735683
2328,0.5082503678303798
2329,0.4930496982286996
2330,0.47280400030752207
2331,0.5152767562573302
2332,0.4973354037402933
2333,0.5669728630753037
2334,0.4266544467993791
2335,0.3684269394006232
2336,0.5824790043685107
2337,0.32110832925166305
2338,0.5058150520372859
2339,0.5810567371966073
2340,0.6155174266605307
2341,0.48860897985825397
2342,0.4946233117546765
2343,0.4043763103268633
2344,0.5195871917308036
2345,0.5251038442914543
2346,0.4823979376588625
2347,0.3723652143950392
2348,0.5183363020038839
2349,0.5292956798529642
2350,0.5327193069377595
2351,0.4825468492556601
2352,0.3840740526723804
2353,0.5665748974658104
2354,0.4078200556702067
2355,0.4005870636573458
2356,0.3348512170533851
2357,0.5319335486553086
2358,0.5202042960423124
2359,0.519534356379708
2360,0.5010922841489386
2361,0.5340269999803604
2362,0.4583625933504129
2363,0.360828811963833
2364,0.4992055527721039
2365,0.5266826412005206
2366,0.38851025729702543
2367,0.4834946376221934
2368,0.485166957105989
2369,0.41760633214576426
2370,0.5579035364319
2371,0.44564025152261766
2372,0.28422493120784814
2373,0.7384799476982522
2374,0.3927976241850532
2375,0.5536900031618774
2376,0.7464799738509954
2377,0.770805221723476
2378,0.7517112176577181
2379,0.44169985179467036
2380,0.6881620129942945
2381,0.5310901254969634
2382,0.3724691701182466
2383,0.7644776519889924
2384,0.2938134048641683
2385,0.6464254747860463
2386,0.5173321703675168
2387,0.7152297831911014
2388,0.7197566877108936
2389,0.5665399352064625
2390,0.4456431259433047
2391,0.6065758261891904
2392,0.5051158799313418
2393,0.5580961808241165
2394,0.4326035876807394
2395,0.621858193055544
2396,0.44573057300954316
2397,0.794143421474627
2398,0.5573160612715556
2399,0.6094352950842804
2400,0.7592231373280857
2401,0.6610618843991675
2402,0.7347654743898345
2403,0.3466145121283299
2404,0.27829625274303027
2405,0.48093058988984616
2406,0.232450111984458
2407,0.4361152257997126
2408,0.7049299735540048
2409,0.8186436398310948
2410,0.44239087930585963
2411,-0.06316313229200013
2412,0.6567423763746186
2413,0.20428573720057014
2414,0.3721438601538933
2415,0.008764789131154629
2416,0.29798418967924123
2417,0.20766800181689002
2418,0.05764841955079755
2419,-0.14673776563004426
2420,0.43981867248964246
